9;Brent Burns;SJS;SJS;D;82;29;47;76;87;94;181;8000000;1;0
9999;Braden Holtby;WAS;WAS;G;63;42;9;0;126;45;177;6100000;2;6
9999;Cam Talbot;EDM;EDM;G;73;42;7;0;126;35;169;4167000;3;8
9999;Sergei Bobrovsky;CLB;COB;G;63;41;7;0;123;35;163;7425000;4;5
16;Victor Hedman;TBL;TBL;D;79;16;56;72;48;112;160;7875000;5;0
17;Erik Karlsson;OTT;OTT;D;77;17;54;71;51;108;159;6500000;6;0
9999;Tuukka Rask;BOS;BOS;G;64;37;8;0;111;40;156;7000000;7;5
9999;Devan Dubnyk;MIN;MIN;G;63;40;5;0;120;25;150;4333000;8;5
2;Sidney Crosby;PIT;PIT;C;75;44;45;89;88;45;133;8700000;9;0
9999;Frederik Andersen;TOR;TOR;G;66;33;4;0;99;20;133;5000000;10;14
9999;Carey Price;MTL;MON;G;62;37;3;0;111;15;131;6500000;11;5
1;Connor McDavid;EDM;EDM;C;82;30;70;100;60;70;130;3775000;12;0
9999;Peter Budaj;TBL;TAM;G;55;30;7;0;90;35;128;1024999;13;3
5;Nikita Kucherov;TBL;TBL;R;74;40;45;85;80;45;125;4767000;14;0
59;Kevin Shattenkirk;NYR;STL,;D;80;13;43;56;39;86;125;6650000;15;0
6;Brad Marchand;BOS;BOS;L;80;39;46;85;78;46;124;6125000;16;0
9999;Jake Allen;STL;STL;G;60;33;4;0;99;20;124;4350000;17;5
3;Patrick Kane;CHI;CHI;R;82;34;55;89;68;55;123;10500000;18;0
9999;Martin Jones;SJS;SAN;G;65;35;2;0;105;10;121;3000000;19;6
9999;Matt Murray;PIT;PIT;G;47;32;4;0;96;20;120;3750000;20;4
88;Dustin Byfuglien;WPG;WPG;D;80;13;39;52;39;78;117;7600000;21;0
9999;Pekka Rinne;NAS;NAS;G;61;31;3;0;93;15;117;7000000;22;9
7;Mark Scheifele;WPG;WPG;C;79;32;50;82;64;50;114;6125000;23;0
10;Vladimir Tarasenko;STL;STL;R;82;39;36;75;78;36;114;7500000;24;0
96;Justin Schultz;PIT;PIT;D;78;12;39;51;36;78;114;5500000;25;0
9999;John Gibson;ANA;ANA;G;49;25;6;0;75;30;114;2300000;26;9
82;Duncan Keith;CHI;CHI;D;80;6;47;53;18;94;112;5538000;27;0
105;John Klingberg;DAL;DAL;D;80;13;36;49;39;72;111;4250000;28;0
97;Torey Krug;BOS;BOS;D;81;8;43;51;24;86;110;5250000;29;0
104;Roman Josi;NAS;NSH;D;72;12;37;49;36;74;110;4000000;30;0
111;Alex Pietrangelo;STL;STL;D;80;14;34;48;42;68;110;6500000;31;0
9999;Corey Crawford;CHI;CHI;G;55;32;2;0;96;10;110;6000000;32;4
4;Nicklas Backstrom;WAS;WSH;C;82;23;63;86;46;63;109;6700000;33;0
20;Auston Matthews;TOR;TOR;C;82;40;29;69;80;29;109;3775000;34;0
9999;Henrik Lundqvist;NYR;NYR;G;55;31;2;0;93;10;107;8500000;35;4
8;Leon Draisaitl;EDM;EDM;C;82;29;48;77;58;48;106;8500000;36;0
11;Artemi Panarin;CLB;CHI;L;82;31;43;74;62;43;105;6000000;37;0
14;Evgeni Malkin;PIT;PIT;C;62;33;39;72;66;39;105;9500000;38;0
114;Zach Werenski;MTL;CBJ;D;78;11;36;47;33;72;105;613000;39;0
18;David Pastrnak;BOS;BOS;R;75;34;36;70;68;36;104;0;40;0
9999;Craig Anderson;OTT;OTT;G;40;25;5;0;75;25;104;4200000;41;4
119;Nick Leddy;NYI;NYI;D;81;11;35;46;33;70;103;5500000;42;0
21;Alex Ovechkin;WAS;WSH;L;82;33;36;69;66;36;102;9538000;43;0
26;Max Pacioretty;MTL;MTL;L;81;35;32;67;70;32;102;4500000;44;0
9999;Connor Hellebuyck;WPG;WPG;G;53;26;4;0;78;20;102;2250000;45;4
150;Shea Weber;MTL;MTL;D;78;17;25;42;51;50;101;7857000;46;0
9999;Steve Mason;WPG;WPG;G;54;26;3;0;78;15;101;4099999;47;8
12;Blake Wheeler;WPG;WPG;R;82;26;48;74;52;48;100;5600000;48;0
30;Patrik Laine;WPG;WPG;R;73;36;28;64;72;28;100;3575000;49;0
32;Jeff Skinner;CAR;CAR;L;79;37;26;63;74;26;100;5725000;50;0
135;Drew Doughty;LAK;LAK;D;82;12;32;44;36;64;100;7000000;51;0
9999;Cam Ward;CAR;CAR;G;61;26;2;0;78;10;100;3300000;52;12
15;Tyler Seguin;DAL;DAL;C;82;26;46;72;52;46;98;5750000;53;0
27;Jeff Carter;LAK;LAK;C;82;32;34;66;64;34;98;5273000;54;0
9999;Thomas Greiss;NYI;NYI;G;49;26;3;0;78;15;98;3333000;55;5
24;Joe Pavelski;SJS;SJS;C;81;29;39;68;58;39;97;6000000;56;0
33;Cam Atkinson;CLB;CBJ;R;82;35;27;62;70;27;97;3500000;57;0
124;Rasmus Ristolainen;BUF;BUF;D;79;6;39;45;18;78;96;5400000;58;0
147;Seth Jones;CLB;CBJ;D;75;12;30;42;36;60;96;5400000;59;0
22;Mikael Granlund;MIN;MIN;C;81;26;43;69;52;43;95;5750000;60;0
23;Jamie Benn;DAL;DAL;L;77;26;43;69;52;43;95;9500000;61;0
142;Jake Gardiner;TOR;TOR;D;82;9;34;43;27;68;95;4050000;62;0
28;John Tavares;NYI;NYI;C;77;28;38;66;56;38;94;5500000;63;0
19;Phil Kessel;PIT;PIT;R;82;23;47;70;46;47;93;6800000;64;0
29;Eric Staal;MIN;MIN;C;82;28;37;65;56;37;93;3500000;65;0
35;Nazem Kadri;TOR;TOR;C;82;32;29;61;64;29;93;4500000;66;0
36;Viktor Arvidsson;NAS;NSH;L;80;31;30;61;62;30;92;4250000;67;0
182;Ryan Ellis;NAS;NSH;D;71;16;22;38;48;44;92;2500000;68;0
34;James van Riemsdyk;TOR;TOR;L;82;29;33;62;58;33;91;4250000;69;0
191;Justin Faulk;CAR;CAR;D;75;17;20;37;51;40;91;4833000;70;0
9999;Brian Elliott;PHI;PHI;G;45;26;2;0;78;10;91;2750000;71;3
146;Ryan McDonagh;NYR;NYR;D;77;6;36;42;18;72;90;4700000;72;0
160;P.K. Subban;NAS;NSH;D;66;10;30;40;30;60;90;9000000;73;0
174;Oliver Ekman-Larsson;ARI;ARI;D;79;12;27;39;36;54;90;5500000;74;0
175;Mark Giordano;CGY;CGY;D;81;12;27;39;36;54;90;6750000;75;0
31;Nikolaj Ehlers;WPG;WPG;L;82;25;39;64;50;39;89;1594000;76;0
46;Filip Forsberg;NAS;NSH;L;82;31;27;58;62;27;89;6000000;77;0
55;T.J. Oshie;WAS;WSH;R;68;33;23;56;66;23;89;5750000;78;0
159;Ryan Suter;MIN;MIN;D;82;9;31;40;27;62;89;7538000;79;0
173;Cam Fowler;ANA;ANA;D;80;11;28;39;33;56;89;4000000;80;0
13;Ryan Getzlaf;ANA;ANA;C;74;15;58;73;30;58;88;8250000;81;0
181;Oscar Klefbom;EDM;EDM;D;82;12;26;38;36;52;88;4167000;82;0
9999;Kari Lehtonen;DAL;DAL;G;52;22;3;0;66;15;88;5900000;83;7
9999;Mike Condon;OTT;OTT;G;38;19;5;0;57;25;88;2400000;84;6
37;Mike Hoffman;OTT;OTT;L;74;26;35;61;52;35;87;5188000;85;0
154;Keith Yandle;FLA;FLA;D;82;5;36;41;15;72;87;6350000;86;0
171;Alec Martinez;LAK;LAK;D;82;9;30;39;27;60;87;4000000;87;0
9999;Robin Lehner;BUF;BUF;G;58;23;2;0;69;10;87;4000000;88;8
83;Anders Lee;NYI;NYI;L;81;34;18;52;68;18;86;3750000;89;0
180;Jared Spurgeon;MIN;MIN;D;76;10;28;38;30;56;86;5188000;90;0
197;Mike Green;DET;DET;D;72;14;22;36;42;44;86;6000000;91;0
9999;Andrei Vasilevskiy;TBL;TAM;G;47;23;2;0;69;10;86;3500000;92;7
25;Henrik Zetterberg;DET;DET;L;82;17;51;68;34;51;85;6083000;93;0
47;Sean Monahan;CGY;CGY;C;82;27;31;58;54;31;85;6375000;94;0
67;Wayne Simmonds;PHI;PHI;R;82;31;23;54;62;23;85;3975000;95;0
170;Shayne Gostisbehere;PHI;PHI;D;76;7;32;39;21;64;85;4500000;96;0
90;Rickard Rakell;ANA;ANA;C;71;33;18;51;66;18;84;3800000;97;0
38;William Nylander;TOR;TOR;C;81;22;39;61;44;39;83;1744000;98;0
91;Patrick Eaves;ANA;DAL,;R;79;32;19;51;64;19;83;3150000;99;0
168;Matt Niskanen;WAS;WSH;D;78;5;34;39;15;68;83;5750000;100;0
169;Brady Skjei;NYR;NYR;D;80;5;34;39;15;68;83;925000;101;0
178;Tyson Barrie;COL;COL;D;74;7;31;38;21;62;83;5500000;102;0
186;John Carlson;WAS;WSH;D;72;9;28;37;27;56;83;3967000;103;0
48;Marcus Johansson;NJD;WSH;L;82;24;34;58;48;34;82;4583000;104;0
53;Nino Niederreiter;MIN;MIN;R;82;25;32;57;50;32;82;5250000;105;0
60;Kyle Turris;OTT;OTT;C;78;27;28;55;54;28;82;3500000;106;0
39;Jakub Voracek;PHI;PHI;R;82;20;41;61;40;41;81;8250000;107;0
54;Jack Eichel;BUF;BUF;C;61;24;33;57;48;33;81;3775000;108;0
72;Chris Kreider;NYR;NYR;L;75;28;25;53;56;25;81;4625000;109;0
92;Jonathan;MIN;FLA;C;75;30;21;51;60;21;81;4167000;110;0
167;Brent Seabrook;CHI;CHI;D;79;3;36;39;9;72;81;6875000;111;0
9999;Cory Schneider;NJD;NJD;G;59;20;2;0;60;10;81;6000000;112;11
9999;Mike Smith;CGY;CGY;G;55;19;3;0;57;15;81;4250000;113;9
40;Mitchell Marner;TOR;TOR;C;77;19;42;61;38;42;80;1744000;114;0
49;Ryan Kesler;ANA;ANA;C;82;22;36;58;44;36;80;6875000;115;0
61;Brayden Schenn;STL;PHI;C;79;25;30;55;50;30;80;5125000;116;0
41;Johnny Gaudreau;CGY;CGY;L;72;18;43;61;36;43;79;6750000;117;0
50;Jonathan Toews;CHI;CHI;C;72;21;37;58;42;37;79;10500000;118;0
73;Kyle Palmieri;NJD;NJD;R;80;26;27;53;52;27;79;4650000;119;0
212;Matt Dumba;COL;MIN;D;76;11;23;34;33;46;79;6000000;120;0
213;Nick Holden;NYR;NYR;D;80;11;23;34;33;46;79;1650000;121;0
43;Evgeny Kuznetsov;WAS;WSH;C;82;19;40;59;38;40;78;7800000;122;0
56;J.T. Miller;NYR;NYR;L;82;22;34;56;44;34;78;2625000;123;0
194;Andrei Markov;MTL;MTL;D;62;6;30;36;18;60;78;675000;124;0
195;Alex Goligoski;ARI;ARI;D;82;6;30;36;18;60;78;5475000;125;0
196;TJ Brodie;BOS;CGY;D;82;6;30;36;18;60;78;775000;126;0
203;Andrej Sekera;EDM;EDM;D;80;8;27;35;24;54;78;5500000;127;0
68;David Krejci;BOS;BOS;C;82;23;31;54;46;31;77;7250000;128;0
69;Vincent Trocheck;FLA;FLA;C;82;23;31;54;46;31;77;4750000;129;0
74;Brandon Saad;CHI;CBJ;L;82;24;29;53;48;29;77;6000000;130;0
84;Logan Couture;SJS;SJS;C;73;25;27;52;50;27;77;6000000;131;0
93;Nick Foligno;CLB;CBJ;L;79;26;25;51;52;25;77;5500000;132;0
9999;Jonathan Bernier;COL;COL;G;33;21;2;0;63;10;77;2750000;133;4
51;Mikko Koivu;MIN;MIN;C;80;18;40;58;36;40;76;6750000;134;0
70;Mark Stone;OTT;OTT;R;71;22;32;54;44;32;76;3500000;135;0
75;Conor Sheary;PIT;PIT;L;61;23;30;53;46;30;76;3000000;136;0
193;Nikita Zaitsev;TOR;TOR;D;82;4;32;36;12;64;76;4500000;137;0
42;Ryan Johansen;NAS;NSH;C;82;14;47;61;28;47;75;8000000;138;0
62;Radim Vrbata;FLA;ARI;R;81;20;35;55;40;35;75;3750000;139;0
63;Ryan O'Reilly;EDM;BUF;C;72;20;35;55;40;35;75;6000000;140;0
76;Mikael Backlund;CGY;CGY;C;81;22;31;53;44;31;75;3575000;141;0
9999;Ryan Miller;ANA;ANA;G;54;18;3;0;54;15;75;2000000;142;6
44;Mats Zuccarello;NYR;NYR;R;80;15;44;59;30;44;74;4500000;143;0
57;Charlie Coyle;MIN;MIN;C;82;18;38;56;36;38;74;3200000;144;0
64;Jaden Schwartz;STL;STL;L;78;19;36;55;38;36;74;5350000;145;0
77;Patrice Bergeron;BOS;BOS;C;79;21;32;53;42;32;74;6875000;146;0
78;Jonathan Drouin;MTL;TBL;L;73;21;32;53;42;32;74;5500000;147;0
202;Colton Parayko;STL;STL;D;81;4;31;35;12;62;74;5500000;148;0
221;Jacob Trouba;WPG;WPG;D;60;8;25;33;24;50;74;3000000;149;0
9999;James Reimer;FLA;FLA;G;39;18;3;0;54;15;74;3400000;150;5
65;Tyler Bozak;TOR;TOR;C;78;18;37;55;36;37;73;4200000;151;0
79;Taylor Hall;NJD;NJD;L;72;20;33;53;40;33;73;6000000;152;0
85;Aleksander Barkov;FLA;FLA;C;61;21;31;52;42;31;73;5900000;153;0
98;Milan Lucic;EDM;EDM;L;82;23;27;50;46;27;73;6000000;154;0
103;Milan Lucic;EDM;EDM;L;82;23;27;50;46;27;73;6000000;155;0
108;Sebastian Aho;CAR;CAR;R;82;24;25;49;48;25;73;1775000;156;0
123;Patrick Marleau;TOR;SJS;C;82;27;19;46;54;19;73;6250000;157;0
210;Kris Letang;PIT;PIT;D;41;5;29;34;15;58;73;7250000;158;0
211;Jaccob Slavin;CAR;CAR;D;82;5;29;34;15;58;73;925000;159;0
45;Alexander Wennberg;CLB;CBJ;C;80;13;46;59;26;46;72;4900000;160;0
52;Claude Giroux;PHI;PHI;C;82;14;44;58;28;44;72;8275000;161;0
66;Derek Stepan;ARI;NYR;C;81;17;38;55;34;38;72;6500000;162;0
71;Alexander Radulov;DAL;MTL;R;76;18;36;54;36;36;72;6250000;163;0
80;Corey Perry;ANA;ANA;R;82;19;34;53;38;34;72;8625000;164;0
86;Bo Horvat;VAN;VAN;C;81;20;32;52;40;32;72;5500000;165;0
107;Jakob Silfverberg;ANA;ANA;R;79;23;26;49;46;26;72;3750000;166;0
113;Justin Williams;CAR;WSH;R;80;24;24;48;48;24;72;4500000;167;0
220;Dmitry Orlov;WAS;WSH;D;82;6;27;33;18;54;72;5100000;168;0
94;Jordan Eberle;NYI;EDM;C;82;20;31;51;40;31;71;6000000;169;0
122;Tomas Tatar;DET;DET;L;82;25;21;46;50;21;71;5300000;170;0
134;Marian Hossa;CHI;CHI;R;73;26;19;45;52;19;71;5275000;171;0
145;Evander Kane;BUF;BUF;L;70;28;15;43;56;15;71;5250000;172;0
9999;Chad Johnson;BUF;BUF;G;36;18;3;0;54;15;70;2500000;173;1
9999;Antti Raanta;ARI;ARI;G;26;16;4;0;48;20;70;1000000;174;2
58;Josh Bailey;NYI;NYI;R;82;13;43;56;26;43;69;3300000;175;0
81;Nathan MacKinnon;COL;COL;C;82;16;37;53;32;37;69;6300000;176;0
87;Ondrej Palat;TBL;TBL;L;75;17;35;52;34;35;69;5300000;177;0
118;Jason Zucker;MIN;MIN;L;79;22;25;47;44;25;69;2000000;178;0
153;Patrick Maroon;EDM;EDM;L;81;27;15;42;54;15;69;1500000;179;0
243;Dion Phaneuf;OTT;OTT;D;81;9;21;30;27;42;69;7000000;180;0
9999;Scott Darling;CAR;CAR;G;27;18;2;0;54;10;69;4150000;181;5
99;Sam Gagner;VAN;CBJ;C;81;18;32;50;36;32;68;3150000;182;0
102;Sam Gagner;VAN;CBJ;C;81;18;32;50;36;32;68;3150000;183;0
117;Bryan Little;WPG;WPG;C;59;21;26;47;42;26;68;4700000;184;0
141;Tanner Pearson;LAK;LAK;L;80;24;20;44;48;20;68;3750000;185;0
249;Zdeno Chara;BOS;BOS;D;75;10;19;29;30;38;68;4000000;186;0
9999;Petr Mrazek;DET;DET;G;44;18;1;0;54;5;68;4000000;187;9
95;Alexander Steen;STL;STL;L;76;16;35;51;32;35;67;5750000;188;0
133;Artem Anisimov;CHI;CHI;C;64;22;23;45;44;23;67;4550000;189;0
166;Michael Grabner;NYR;NYR;R;76;27;13;40;54;13;67;1650000;190;0
106;Kevin Hayes;NYR;NYR;C;76;17;32;49;34;32;66;2600000;191;0
140;Richard Panik;CHI;CHI;R;82;22;22;44;44;22;66;2800000;192;0
242;Ivan Provorov;PHI;PHI;D;82;6;24;30;18;48;66;1744000;193;0
9999;Marc-Andre Fleury;NYR;VGK;G;34;18;1;0;54;5;66;5700000;194;7
100;Henrik Sedin;VAN;VAN;C;82;15;35;50;30;35;65;7000000;195;0
101;Jason Spezza;DAL;VAN;C;68;15;35;50;30;35;65;7500000;196;0
112;Thomas Vanek;VAN;DET,;L;68;17;31;48;34;31;65;2000000;197;0
132;Brock Nelson;NYI;NYI;C;81;20;25;45;40;25;65;2500000;198;0
139;Patric Hornqvist;PIT;PIT;R;70;21;23;44;42;23;65;4250000;199;0
144;Paul Byron;MTL;MTL;L;81;22;21;43;44;21;65;1167000;200;0
235;Damon Severson;NJD;NJD;D;80;3;28;31;9;56;65;4167000;201;0
263;Jason Demers;FLA;FLA;D;81;9;19;28;27;38;65;4500000;202;0
264;Jake Muzzin;LAK;LAK;D;82;9;19;28;27;38;65;4000000;203;0
89;Anze Kopitar;LAK;LAK;C;76;12;40;52;24;40;64;10000000;204;0
116;Sam Reinhart;BUF;BUF;C;79;17;30;47;34;30;64;3544000;205;0
121;David Perron;BOS;STL;L;82;18;28;46;36;28;64;0;206;0
130;Kyle Okposo;BUF;BUF;R;65;19;26;45;38;26;64;6000000;207;0
131;Tyler Johnson;TBL;TBL;C;66;19;26;45;38;26;64;5000000;208;0
158;James Neal;PHI;NSH;L;70;23;18;41;46;18;64;8250000;209;0
261;Jeff Petry;MTL;MTL;D;80;8;20;28;24;40;64;5500000;210;0
9999;Ben Bishop;DAL;DAL;G;37;18;1;0;54;5;64;4917000;211;5
120;Jaromir Jagr;FLA;FLA;R;82;16;30;46;32;30;62;0;212;0
246;Noah Hani n  ﬁ;MIN;CAR;D;81;4;25;29;12;50;62;5250000;213;0
260;Marc-Edouard Vlasic;SJS;SJS;D;75;6;22;28;18;44;62;4250000;214;0
9999;Roberto Luongo;FLA;FLA;G;39;17;1;0;51;5;62;4533000;215;6
110;Matthew Tkachuk;CGY;CGY;L;76;13;35;48;26;35;61;1775000;216;0
128;Jordan Staal;CAR;CAR;C;75;16;29;45;32;29;61;6000000;217;0
129;Victor Rask;CAR;CAR;C;82;16;29;45;32;29;61;4000000;218;0
137;Alex Galchenyuk;MTL;MTL;C;61;17;27;44;34;27;61;4900000;219;0
138;Michael Frolik;CGY;CGY;R;82;17;27;44;34;27;61;4300000;220;0
143;Ryan Nugent-Hopkins;EDM;EDM;C;82;18;25;43;36;25;61;6000000;221;0
152;Zach Parise;MIN;MIN;L;69;19;23;42;38;23;61;7538000;222;0
185;Rick Nash;NYR;NYR;R;67;23;15;38;46;15;61;7800000;223;0
9999;Carter Hutton;STL;STL;G;21;13;4;0;39;20;61;1125000;224;2
109;Gustav Nyquist;DET;DET;R;76;12;36;48;24;36;60;4750000;225;0
115;Jason Pominville;BUF;MIN;R;78;13;34;47;26;34;60;5600000;226;0
151;Mike Fisher;OTT;NSH;C;72;18;24;42;36;24;60;2400000;227;0
165;Adam Henrique;NJD;NJD;C;82;20;20;40;40;20;60;4000000;228;0
258;Nathan Beaulieu;BUF;MTL;D;74;4;24;28;12;48;60;2400000;229;0
274;Mark Streit;MTL;PHI, PIT;D;68;6;21;27;18;42;60;700000;230;0
276;Morgan Rielly;TOR;TOR;D;76;6;21;27;18;42;60;5000000;231;0
127;Travis Zajac;NJD;NJD;C;80;14;31;45;28;31;59;5750000;232;0
136;Daniel Sedin;VAN;VAN;L;82;15;29;44;30;29;59;7000000;233;0
157;Matt Duchene;COL;COL;C;77;18;23;41;36;23;59;6000000;234;0
177;Martin Hanzal;DAL;ARI,;C;71;20;19;39;40;19;59;4750000;235;0
126;Mathieu Perreault;WPG;WPG;C;65;13;32;45;26;32;58;4125000;236;0
156;Frans Nielsen;DET;DET;C;79;17;24;41;34;24;58;5250000;237;0
163;Paul Stastny;STL;STL;C;66;18;22;40;36;22;58;7000000;238;0
164;Brayden Point;TBL;TBL;C;68;18;22;40;36;22;58;894000;239;0
184;Mikko Rantanen;COL;COL;R;75;20;18;38;40;18;58;1627000;240;0
149;Teuvo Teravainen;CAR;CAR;L;81;15;27;42;30;27;57;2860000;241;0
219;Patrik Berglund;STL;STL;C;82;23;11;34;46;11;57;3850000;242;0
281;Ian Cole;PIT;PIT;D;81;5;21;26;15;42;57;2100000;243;0
9999;Calvin Pickard;NYI;VGK;G;48;15;2;0;45;10;57;3300000;244;2
125;Elias Lindholm;CAR;CAR;C;72;11;34;45;22;34;56;2700000;245;0
162;Lee Stempniak;CAR;CAR;R;82;16;24;40;32;24;56;2500000;246;0
201;Connor Brown;TOR;TOR;R;82;20;16;36;40;16;56;2100000;247;0
280;Paul Martin;SJS;SJS;D;81;4;22;26;12;44;56;4850000;248;0
330;John Moore;NJD;NJD;D;63;12;10;22;36;20;56;1667000;249;0
9999;Philipp Grubauer;WAS;WAS;G;19;13;3;0;39;15;56;1500000;250;2
183;David Backes;BOS;BOS;R;74;17;21;38;34;21;55;6000000;251;0
192;Nick Bonino;NAS;PIT;C;80;18;19;37;36;19;55;4099999;252;0
200;Alex Killorn;TBL;TBL;L;81;19;17;36;38;17;55;4450000;253;0
289;Calvin de Haan;NAS;NYI;D;82;5;20;25;15;40;55;2000000;254;0
148;Valtteri Filppula;PHI;TBL,;C;79;12;30;42;24;30;54;5000000;255;0
241;Andrew Ladd;NYI;NYI;L;78;23;8;31;46;8;54;5500000;256;0
155;Brandon Dubinsky;CLB;CBJ;C;80;12;29;41;24;29;53;5850000;257;0
161;Phillip Danault;MTL;MTL;L;82;13;27;40;26;27;53;912000;258;0
176;Derick Brassard;OTT;OTT;C;81;14;25;39;28;25;53;5000000;259;0
199;Anthony Mantha;DET;DET;R;60;17;19;36;34;19;53;863000;260;0
209;Sven Baertschi;VAN;VAN;L;68;18;17;35;36;17;53;1850000;261;0
228;Jason Chimera;NYI;NYI;L;82;20;13;33;40;13;53;2250000;262;0
287;Jonas Brodin;MIN;MIN;D;68;3;22;25;9;44;53;4167000;263;0
189;Kris Versteeg;CGY;CGY;R;69;15;22;37;30;22;52;1750000;264;0
190;Reilly Smith;VAN;FLA;R;80;15;22;37;30;22;52;688000;265;0
218;Boone Jenner;CLB;CBJ;C;82;18;16;34;36;16;52;2900000;266;0
313;Johnny Boychuk;NYI;NYI;D;66;6;17;23;18;34;52;6000000;267;0
314;Radko Gudas;PHI;PHI;D;67;6;17;23;18;34;52;3350000;268;0
315;David Savard;CLB;CBJ;D;74;6;17;23;18;34;52;4250000;269;0
336;Aaron Ekblad;FLA;FLA;D;68;10;11;21;30;22;52;7500000;270;0
188;Mika Zibanejad;NYR;NYR;C;56;14;23;37;28;23;51;5350000;271;0
207;Mark Letestu;EDM;EDM;C;78;16;19;35;32;19;51;1800000;272;0
208;Andrew Cogliano;ANA;ANA;L;82;16;19;35;32;19;51;3000000;273;0
217;Brandon Sutter;VAN;VAN;C;81;17;17;34;34;17;51;4375000;274;0
227;Gabriel Landeskog;COL;COL;L;72;18;15;33;36;15;51;5571000;275;0
234;Markus Granlund;VAN;VAN;C;69;19;13;32;38;13;51;900000;276;0
300;Sami Vatanen;ANA;ANA;D;71;3;21;24;9;42;51;4875000;277;0
301;Troy Stecher;VAN;VAN;D;71;3;21;24;9;42;51;925000;278;0
312;Jack Johnson;CLB;CBJ;D;82;5;18;23;15;36;51;4357000;279;0
9999;Jaroslav Halak;NYI;NYI;G;26;12;2;0;36;10;51;4500000;280;5
172;Ryan Spooner;BOS;BOS;C;78;11;28;39;22;28;50;2825000;281;0
187;Scott Hartnell;NAS;CBJ;L;78;13;24;37;26;24;50;1000000;282;0
198;Dustin Brown;LAK;LAK;R;80;14;22;36;28;22;50;5875000;283;0
206;Brian Gionta;BUF;BUF;R;82;15;20;35;30;20;50;0;284;0
215;Tyler Toffoli;LAK;LAK;C;63;16;18;34;32;18;50;4600000;285;0
216;Tobias Rieder;ARI;ARI;R;80;16;18;34;32;18;50;2225000;286;0
240;Ryan Hartman;CHI;CHI;L;76;19;12;31;38;12;50;863000;287;0
226;Jake Guentzel;PIT;PIT;C;40;16;17;33;32;17;49;925000;288;0
233;Dylan Larkin;DET;DET;C;80;17;15;32;34;15;49;1425000;289;0
311;Mattias Ekholm;NAS;NSH;D;82;3;20;23;9;40;49;3750000;290;0
323;Dennis Seidenberg;NYI;NYI;D;73;5;17;22;15;34;49;1250000;291;0
324;Anton Stralman;TBL;TBL;D;73;5;17;22;15;34;49;4500000;292;0
214;Sean Couturier;PHI;PHI;C;66;14;20;34;28;20;48;4333000;293;0
225;Christian Dvorak;ARI;ARI;C;78;15;18;33;30;18;48;1052000;294;0
232;Zack Smith;OTT;OTT;C;74;16;16;32;32;16;48;3250000;295;0
332;Alexander Edler;VAN;VAN;D;68;6;15;21;18;30;48;5000000;296;0
179;Max Domi;ARI;ARI;L;59;9;29;38;18;29;47;1363000;297;0
204;Andre Burakovsky;WAS;WSH;L;64;12;23;35;24;23;47;3000000;298;0
205;Colin Wilson;COL;NSH;C;70;12;23;35;24;23;47;3938000;299;0
257;Andreas Athanasiou;DET;DET;C;64;18;11;29;36;11;47;0;300;0
345;Jakob Chychrun;ARI;ARI;D;68;7;13;20;21;26;47;1350000;301;0
224;Devin Shore;DAL;DAL;C;82;13;20;33;26;20;46;925000;302;0
229;Ryan Dzingel;OTT;OTT;L;81;14;18;32;28;18;46;1800000;303;0
230;Matt Moulson;BUF;BUF;L;81;14;18;32;28;18;46;5000000;304;0
231;Leo Komarov;TOR;TOR;C;82;14;18;32;28;18;46;2950000;305;0
238;Alexandre Burrows;OTT;VAN,;L;75;15;16;31;30;16;46;2500000;306;0
239;Calle Jarnkrok;NAS;NSH;C;81;15;16;31;30;16;46;2000000;307;0
256;Josh Anderson;CLB;CBJ;R;78;17;12;29;34;12;46;0;308;0
273;Artturi Lehkonen;MTL;MTL;L;73;18;10;28;36;10;46;925000;309;0
343;Hampus Lindholm;ANA;ANA;D;66;6;14;20;18;28;46;5250000;310;0
344;Josh Morrissey;ANA;WPG;D;82;6;14;20;18;28;46;825000;311;0
222;Radek Faksa;DAL;DAL;C;80;12;21;33;24;21;45;2200000;312;0
223;Jean-Gabriel Pageau;OTT;OTT;C;82;12;21;33;24;21;45;3100000;313;0
237;Matt Cullen;MIN;PIT;C;72;13;18;31;26;18;44;1700000;314;0
255;Adam Lowry;WPG;WPG;C;82;15;14;29;30;14;44;1125000;315;0
341;Thomas Hickey;NYI;NYI;D;76;4;16;20;12;32;44;2200000;316;0
244;Ryan Strome;EDM;NYI;C;69;13;17;30;26;17;43;2500000;317;0
245;Jay Beagle;WAS;WSH;C;81;13;17;30;26;17;43;1750000;318;0
272;Bryan Rust;PIT;PIT;R;57;15;13;28;30;13;43;640000;319;0
279;Jimmy Vesey;NYR;NYR;L;80;16;11;27;32;11;43;3775000;320;0
340;Jake McCabe;BUF;BUF;D;76;3;17;20;9;34;43;1600000;321;0
356;Trevor Daley;DET;PIT;D;56;5;14;19;15;28;43;3167000;322;0
357;Ben Hutton;VAN;VAN;D;71;5;14;19;15;28;43;2800000;323;0
271;Nick Ritchie;ANA;ANA;L;77;14;14;28;28;14;42;1627000;324;0
339;Brett Pesce;CAR;CAR;D;82;2;18;20;6;36;42;925000;325;0
355;Adam Larsson;EDM;EDM;D;79;4;15;19;12;30;42;4167000;326;0
370;Michael Del Zotto;VAN;PHI;D;51;6;12;18;18;24;42;688000;327;0
371;Esa Lindell;DAL;DAL;D;73;6;12;18;18;24;42;2200000;328;0
236;Michael Cammalleri;SJS;NJD;C;61;10;21;31;20;21;41;2000000;329;0
253;Andrew Shaw;MTL;MTL;C;68;12;17;29;24;17;41;3900000;330;0
254;Craig Smith;NAS;NSH;R;78;12;17;29;24;17;41;4250000;331;0
270;PA Parenteau;NAS;NJD,;R;67;13;15;28;26;15;41;9000000;332;0
278;Jarome Iginla;LAK;COL,;R;80;14;13;27;28;13;41;0;333;0
286;Erik Haula;VAN;MIN;L;72;15;11;26;30;11;41;3500000;334;0
354;Cody Franson;CHI;BUF;D;68;3;16;19;9;32;41;0;335;0
366;Dennis Wideman;CGY;CGY;D;57;5;13;18;15;26;41;0;336;0
368;Niklas Hjalmarsson;ARI;CHI;D;73;5;13;18;15;26;41;4099999;337;0
369;Francois Beauchemin;ANA;COL;D;81;5;13;18;15;26;41;1500000;338;0
393;Michael Matheson;FLA;FLA;D;81;7;10;17;21;20;41;925000;339;0
251;Robby Fabbri;STL;STL;C;51;11;18;29;22;18;40;1107000;340;0
252;Derek Ryan;CAR;CAR;C;67;11;18;29;22;18;40;1425000;341;0
299;Micheal Ferland;CGY;CGY;L;76;15;10;25;30;10;40;1750000;342;0
310;Brett Ritchie;DAL;DAL;R;78;16;8;24;32;8;40;1750000;343;0
9999;Antti Niemi;PIT;PIT;G;30;12;0;0;36;0;40;700000;344;4
248;Brendan Gallagher;MTL;MTL;R;64;10;19;29;20;19;39;3750000;345;0
250;Joel Ward;SJS;SJS;R;78;10;19;29;20;19;39;3275000;346;0
268;Jussi Jokinen;EDM;FLA;L;69;11;17;28;22;17;39;1100000;347;0
269;Travis Konecny;PHI;PHI;C;70;11;17;28;22;17;39;1107000;348;0
277;Antoine Roussel;DAL;DAL;L;60;12;15;27;24;15;39;2000000;349;0
285;Sam Bennett;CGY;CGY;C;81;13;13;26;26;13;39;1950000;350;0
353;Matt Hunwick;PIT;TOR;D;72;1;18;19;3;36;39;2250000;351;0
387;Chris Wideman;OTT;OTT;D;76;5;12;17;15;24;39;800000;352;0
389;Brian Campbell;NJD;CHI;D;80;5;12;17;15;24;39;2750000;353;0
390;Josh Manson;ANA;ANA;D;82;5;12;17;15;24;39;825000;354;0
9999;Aaron Dell;SJS;SAN;G;17;11;1;0;33;5;39;625000;355;1
9999;Anders Nilsson;VAN;VAN;G;23;10;1;0;30;5;39;2500000;356;4
247;Chris Kunitz;TBL;PIT;L;71;9;20;29;18;20;38;2000000;357;0
265;Vladislav;STL;TBL;C;74;10;18;28;20;18;38;7500000;358;0
266;Tomas Plekanec;MTL;MTL;C;78;10;18;28;20;18;38;6000000;359;0
267;Zach Hyman;TOR;TOR;C;82;10;18;28;20;18;38;2250000;360;0
296;Bobby Ryan;OTT;OTT;R;62;13;12;25;26;12;38;7250000;361;0
297;Troy Brouwer;CGY;CGY;R;74;13;12;25;26;12;38;4500000;362;0
298;Brian Boyle;NJD;TBL,;C;75;13;12;25;26;12;38;2750000;363;0
322;Brett Connolly;WAS;WSH;R;66;15;8;23;30;8;38;1500000;364;0
362;David Schlemko;MTL;SJS;D;62;2;16;18;6;32;38;2100000;365;0
363;Andrew MacDonald;PHI;PHI;D;73;2;16;18;6;32;38;5000000;366;0
364;Derek Forbort;LAK;LAK;D;82;2;16;18;6;32;38;650000;367;0
382;Nikita Nesterov;TBL;TBL,;D;48;4;13;17;12;26;38;4767000;368;0
383;Jordie Benn;MTL;DAL,;D;71;4;13;17;12;26;38;1100000;369;0
384;Ron Hainsey;TOR;CAR,;D;72;4;13;17;12;26;38;3000000;370;0
385;Mark Pysyk;FLA;FLA;D;82;4;13;17;12;26;38;2733000;371;0
408;Brandon Carlo;BOS;BOS;D;82;6;10;16;18;20;38;894000;372;0
9999;Juuse Saros;NAS;NAS;G;19;10;1;0;30;5;38;925000;373;3
9999;Al Montoya;MTL;MON;G;18;8;2;0;24;10;38;1062000;374;4
262;Antoine Vermette;ANA;ANA;C;72;9;19;28;18;19;37;1750000;375;0
294;Daniel Winnik;MIN;WSH;L;72;12;13;25;24;13;37;0;376;0
295;Lars Eller;WAS;WSH;C;81;12;13;25;24;13;37;3500000;377;0
381;Nate Schmidt;STL;WSH;D;60;3;14;17;9;28;37;650000;378;0
404;Trevor van Riemsdyk;CAR;CHI;D;58;5;11;16;15;22;37;825000;379;0
283;Jonathan Huberdeau;FLA;FLA;L;31;10;16;26;20;16;36;5900000;380;0
284;Mikkel Boedker;SJS;SJS;L;81;10;16;26;20;16;36;4000000;381;0
292;Jordan Martinook;ARI;ARI;L;77;11;14;25;22;14;36;1800000;382;0
293;Dominic Moore;TOR;BOS;C;82;11;14;25;22;14;36;1000000;383;0
308;Alex Chiasson;WAS;CGY;R;81;12;12;24;24;12;36;0;384;0
309;Trevor Lewis;LAK;LAK;C;82;12;12;24;24;12;36;2000000;385;0
321;Marcus Foligno;MIN;BUF;L;80;13;10;23;26;10;36;0;386;0
378;Erik Johnson;COL;COL;D;46;2;15;17;6;30;36;6000000;387;0
379;Connor Murphy;CHI;ARI;D;77;2;15;17;6;30;36;3850000;388;0
380;Cody Ceci;OTT;OTT;D;79;2;15;17;6;30;36;2800000;389;0
402;Deryk Engelland;OTT;CGY;D;81;4;12;16;12;24;36;5000000;390;0
425;Kyle Quincey;MIN;NJD,;D;73;6;9;15;18;18;36;1250000;391;0
9999;Jimmy Howard;DET;DET;G;24;10;1;0;30;5;36;5292000;392;1
9999;Jonathan Quick;LAK;LOS;G;17;8;2;0;24;10;36;5800000;393;2
307;Loui Eriksson;VAN;VAN;L;65;11;13;24;22;13;35;6000000;394;0
320;Nikolay Kulemin;NYI;NYI;L;72;12;11;23;24;11;35;4187999;395;0
338;Brendan Perlini;ARI;ARI;L;57;14;7;21;28;7;35;1363000;396;0
9999;Michael Hutchinson;NYR;WPG;G;20;9;1;0;27;5;35;1650000;397;3
259;Nick Schmaltz;CHI;CHI;C;61;6;22;28;12;22;34;1542000;398;0
282;Scott Wilson;PIT;PIT;L;78;8;18;26;16;18;34;625000;399;0
319;Chris Tierney;SJS;SJS;C;80;11;12;23;22;12;34;735000;400;0
337;Chris Stewart;MIN;MIN;R;79;13;8;21;26;8;34;1150000;401;0
422;Dan Girardi;TBL;NYR;D;63;4;11;15;12;22;34;3000000;402;0
9999;Michal Neuvirth;PHI;PHI;G;24;11;0;0;33;0;34;2500000;403;1
9999;Louis Domingue;ARI;ARI;G;26;11;0;0;33;0;34;1050000;404;1
275;Shane Doan;CLB;ARI;R;74;6;21;27;12;21;33;5400000;405;0
291;Casey Cizikas;NYI;NYI;C;59;8;17;25;16;17;33;3350000;406;0
305;Anthony Beauvillier;NYI;NYI;C;66;9;15;24;18;15;33;1107000;407;0
306;Colton Sceviour;FLA;FLA;C;80;9;15;24;18;15;33;950000;408;0
318;Mikhail Grigorenko;PHI;COL;C;75;10;13;23;20;13;33;900000;409;0
329;Melker Karlsson;SJS;SJS;C;67;11;11;22;22;11;33;2000000;410;0
400;Dan Hamhuis;DAL;DAL;D;79;1;15;16;3;30;33;3750000;411;0
419;Matt Benning;EDM;EDM;D;62;3;12;15;9;24;33;1075000;412;0
420;Michael Stone;CGY;ARI,;D;64;3;12;15;9;24;33;3500000;413;0
421;Joel Edmundson;STL;STL;D;69;3;12;15;9;24;33;1050000;414;0
440;Anthony DeAngelo;NYR;ARI;D;39;5;9;14;15;18;33;1263000;415;0
9999;Jacob Markstrom;VAN;VAN;G;23;10;0;0;30;0;33;3667000;416;3
304;Pavel Zacha;NJD;NJD;C;70;8;16;24;16;16;32;1744000;417;0
317;Tom Pyatt;OTT;OTT;L;82;9;14;23;18;14;32;1100000;418;0
328;Tomas Hertl;SJS;SJS;C;49;10;12;22;20;12;32;3000000;419;0
464;Colin Miller;NAS;BOS;D;61;6;7;13;18;14;32;1333000;420;0
9999;Eddie Lack;CGY;CGY;G;18;8;1;0;24;5;32;1375000;421;3
9999;Keith Kinkaid;NJD;NJD;G;23;8;1;0;24;5;32;1250000;422;3
290;William Karlsson;NJD;CBJ;C;81;6;19;25;12;19;31;925000;423;0
302;Sven Andrighetto;COL;MTL,;R;46;7;17;24;14;17;31;1400000;424;0
303;Zack Kassian;EDM;EDM;R;79;7;17;24;14;17;31;1950000;425;0
335;Marian Gaborik;LAK;LAK;R;56;10;11;21;20;11;31;4875000;426;0
417;Brian Dumoulin;PIT;PIT;D;70;1;14;15;3;28;31;4099999;427;0
418;Jay Bouwmeester;STL;STL;D;81;1;14;15;3;28;31;5400000;428;0
434;Travis Hamonic;CGY;NYI;D;49;3;11;14;9;22;31;3857000;429;0
435;Kevin Klein;NYR;NYR;D;60;3;11;14;9;22;31;2600000;430;0
436;Matt Irwin;NAS;NSH;D;74;3;11;14;9;22;31;650000;431;0
438;Andrej Sustr;TBL;TBL;D;80;3;11;14;9;22;31;1950000;432;0
439;Kevin Bieksa;ANA;ANA;D;81;3;11;14;9;22;31;4000000;433;0
9999;Curtis McElhinney;TOR;TOR;G;15;8;1;0;24;5;31;850000;434;2
377;Rene Bourque;VAN;COL;R;65;12;6;18;24;6;30;688000;435;0
456;Nick Jensen;DET;DET;D;49;4;9;13;12;18;30;812000;436;0
457;Andy Greene;NJD;NJD;D;66;4;9;13;12;18;30;5000000;437;0
458;Marco Scandella;BUF;MIN;D;71;4;9;13;12;18;30;4000000;438;0
459;Justin Braun;SJS;SJS;D;81;4;9;13;12;18;30;3800000;439;0
288;Mike Ribeiro;NAS;NSH;C;46;4;21;25;8;21;29;0;440;0
316;Matt Stajan;CGY;CGY;C;81;6;17;23;12;17;29;3125000;441;0
327;Jori Lehtera;PHI;STL;C;64;7;15;22;14;15;29;4700000;442;0
334;Drew Stafford;NJD;WPG,;R;58;8;13;21;16;13;29;800000;443;0
352;Steven Stamkos;TBL;TBL;C;17;9;11;20;18;11;29;8500000;444;0
360;Joel Armia;WPG;WPG;R;57;10;9;19;20;9;29;925000;445;0
361;Matt Read;PHI;PHI;R;63;10;9;19;20;9;29;3625000;446;0
431;Alex Petrovic;FLA;FLA;D;49;1;13;14;3;26;29;1850000;447;0
432;Toby Enstrom;WPG;WPG;D;60;1;13;14;3;26;29;5750000;448;0
433;Paul Postma;BOS;WPG;D;65;1;13;14;3;26;29;725000;449;0
454;Kevan Miller;BOS;BOS;D;58;3;10;13;9;20;29;2500000;450;0
455;Karl Alzner;MTL;WSH;D;82;3;10;13;9;20;29;4625000;451;0
482;Braydon Coburn;TBL;TBL;D;80;5;7;12;15;14;29;3700000;452;0
325;Carl Hagelin;PIT;PIT;L;61;6;16;22;12;16;28;4000000;453;0
326;Nic Dowd;LAK;LAK;C;70;6;16;22;12;16;28;640000;454;0
333;Justin Abdelkader;DET;DET;L;64;7;14;21;14;14;28;4250000;455;0
346;Pavel Buchnevich;NYR;NYR;R;41;8;12;20;16;12;28;925000;456;0
347;Jannik Hansen;SJS;VAN,;R;43;8;12;20;16;12;28;2500000;457;0
348;Kevin Labanc;SJS;SJS;R;55;8;12;20;16;12;28;925000;458;0
349;Oscar Lindberg;EDM;NYR;C;65;8;12;20;16;12;28;4167000;459;0
350;Lauri Korpikoski;CLB;DAL,;L;69;8;12;20;16;12;28;0;460;0
351;Blake Comeau;COL;COL;L;77;8;12;20;16;12;28;2400000;461;0
375;Frank Vatrano;BOS;BOS;C;44;10;8;18;20;8;28;925000;462;0
376;Scottie Upshall;VAN;STL;R;73;10;8;18;20;8;28;0;463;0
430;Brooks Orpik;WAS;WSH;D;79;0;14;14;0;28;28;5500000;464;0
450;Niklas Kronwall;DET;DET;D;57;2;11;13;6;22;28;4750000;465;0
451;Mark Barberio;COL;MTL,;D;60;2;11;13;6;22;28;750000;466;0
453;Luca Sbisa;ARI;VAN;D;82;2;11;13;6;22;28;1050000;467;0
477;Patrick Wiercioch;VAN;COL;D;57;4;8;12;12;16;28;650000;468;0
478;Danny DeKeyser;DET;DET;D;82;4;8;12;12;16;28;5000000;469;0
9999;Jared Coreau;ANA;DET;G;14;5;2;0;15;10;28;900000;470;3
331;Jesper Fast;NYR;NYR;R;68;6;15;21;12;15;27;1850000;471;0
359;Beau Bennett;STL;NJD;R;65;8;11;19;16;11;27;650000;472;0
415;Kevin Fiala;NAS;NSH;L;54;11;5;16;22;5;27;1363000;473;0
416;Viktor Stalberg;NAS;CAR,;L;75;11;5;16;22;5;27;4250000;474;0
448;Kris Russell;EDM;EDM;D;68;1;12;13;3;24;27;4000000;475;0
449;Fedor Tyutin;COL;COL;D;69;1;12;13;3;24;27;0;476;0
473;Brandon Manning;PHI;PHI;D;65;3;9;12;9;18;27;975000;477;0
474;Xavier Ouellet;DET;DET;D;66;3;9;12;9;18;27;1250000;478;0
498;Darnell Nurse;EDM;EDM;D;44;5;6;11;15;12;27;1713000;479;0
9999;Darcy Kuemper;LAK;LOS;G;17;8;0;0;24;0;27;650000;480;3
9999;Joonas Korpisalo;CLB;COB;G;13;7;1;0;21;5;27;900000;481;1
358;Tom Wilson;WAS;WSH;R;82;7;12;19;14;12;26;2000000;482;0
373;Patrick Sharp;CHI;DAL;L;48;8;10;18;16;10;26;1000000;483;0
374;Brandon Pirri;FLA;NYR;R;60;8;10;18;16;10;26;0;484;0
398;Andrew Copp;WPG;WPG;C;64;9;8;17;18;8;26;1000000;485;0
399;Jamie McGinn;ARI;ARI;L;72;9;8;17;18;8;26;3333000;486;0
414;Adam Cracknell;DAL;DAL;R;69;10;6;16;20;6;26;675000;487;0
471;Ben Chiarot;WPG;WPG;D;59;2;10;12;6;20;26;1400000;488;0
497;Roman Polak;TOR;TOR;D;75;4;7;11;12;14;26;0;489;0
342;Cal Clutterbuck;NYI;NYI;R;66;5;15;20;10;15;25;3500000;490;0
372;Drake Caggiula;EDM;EDM;L;60;7;11;18;14;11;25;1350000;491;0
395;Darren Helm;DET;DET;C;50;8;9;17;16;9;25;3850000;492;0
396;Miles Wood;NJD;NJD;L;60;8;9;17;16;9;25;925000;493;0
397;Torrey Mitchell;MTL;MTL;C;78;8;9;17;16;9;25;1200000;494;0
412;Ryan White;VAN;ARI,;C;65;9;7;16;18;7;25;0;495;0
413;Dwight King;WPG;LAK,;L;80;9;7;16;18;7;25;7600000;496;0
429;Matt Calvert;CLB;CBJ;L;65;10;5;15;20;5;25;2200000;497;0
495;Fredrik Claesson;OTT;OTT;D;33;3;8;11;9;16;25;650000;498;0
394;Riley Nash;BOS;BOS;C;81;7;10;17;14;10;24;900000;499;0
469;Marc Methot;DAL;OTT;D;68;0;12;12;0;24;24;4900000;500;0
491;Adam Clendening;ARI;NYR;D;31;2;9;11;6;18;24;650000;501;0
492;Zach Bogosian;BUF;BUF;D;56;2;9;11;6;18;24;5143000;502;0
493;Ryan Murray;CLB;CBJ;D;60;2;9;11;6;18;24;2285000;503;0
518;Stephen Johns;DAL;DAL;D;61;4;6;10;12;12;24;725000;504;0
365;Shane Prince;NYI;NYI;L;50;5;13;18;10;13;23;850000;505;0
367;Alan Quine;NYI;NYI;C;61;5;13;18;10;13;23;613000;506;0
391;Joonas Donskoi;SJS;SJS;R;61;6;11;17;12;11;23;1900000;507;0
392;Nick Shore;LAK;LAK;C;70;6;11;17;12;11;23;925000;508;0
410;Brock McGinn;CAR;CAR;L;57;7;9;16;14;9;23;887000;509;0
411;Zemgus Girgensons;BUF;BUF;C;75;7;9;16;14;9;23;1600000;510;0
427;Dale Weise;PHI;PHI;R;64;8;7;15;16;7;23;2350000;511;0
428;Kyle Brodziak;STL;STL;C;69;8;7;15;16;7;23;950000;512;0
511;Adam Pelech;NYI;NYI;D;44;3;7;10;9;14;23;1600000;513;0
513;Marc Staal;NYR;NYR;D;72;3;7;10;9;14;23;5700000;514;0
9999;Semyon Varlamov;COL;COL;G;23;6;1;0;18;5;23;5900000;515;0
386;Marcus Kruger;CAR;CHI;C;70;5;12;17;10;12;22;3083000;516;0
388;Austin Watson;NAS;NSH;L;77;5;12;17;10;12;22;1100000;517;0
405;Tanner Kero;CHI;CHI;C;47;6;10;16;12;10;22;750000;518;0
406;Curtis McKenzie;DAL;DAL;L;53;6;10;16;12;10;22;700000;519;0
407;Nick Cousins;ARI;PHI;C;60;6;10;16;12;10;22;1000000;520;0
409;Derek MacKenzie;FLA;FLA;C;82;6;10;16;12;10;22;1375000;521;0
446;Benoit Pouliot;BUF;EDM;L;67;8;6;14;16;6;22;1150000;522;0
489;Jake Dotchin;TBL;TBL;D;35;0;11;11;0;22;22;812000;523;0
506;Chad Ruhwedel;PIT;PIT;D;34;2;8;10;6;16;22;650000;524;0
507;Christopher Tanev;VAN;VAN;D;53;2;8;10;6;16;22;4450000;525;0
508;Alexei Emelin;NAS;MTL;D;76;2;8;10;6;16;22;4099999;526;0
509;Adam McQuaid;BOS;BOS;D;77;2;8;10;6;16;22;2750000;527;0
510;Brenden Dillon;SJS;SJS;D;81;2;8;10;6;16;22;3270000;528;0
9999;Anton Khudobin;BOS;BOS;G;14;7;0;0;21;0;22;1200000;529;1
403;Alexander Burmistrov;STL;WPG,;C;49;5;11;16;10;11;21;6500000;530;0
426;Chris VandeVelde;OTT;PHI;C;81;6;9;15;12;9;21;0;531;0
444;Nick Bjugstad;FLA;FLA;C;54;7;7;14;14;7;21;4099999;532;0
445;Tim Schaller;BOS;BOS;C;59;7;7;14;14;7;21;775000;533;0
468;Magnus Paajarvi;DET;STL;L;32;8;5;13;16;5;21;750000;534;0
535;Brendan Smith;NYR;DET,;D;51;3;6;9;9;12;21;4350000;535;0
401;Tom Kuhnhackl;PIT;PIT;R;57;4;12;16;8;12;20;625000;536;0
423;Ondrej Kase;ANA;ANA;R;53;5;10;15;10;10;20;707000;537;0
424;Anthony Duclair;ARI;ARI;L;58;5;10;15;10;10;20;1200000;538;0
441;Vinnie Hinostroza;CHI;CHI;L;49;6;8;14;12;8;20;925000;539;0
442;David Desharnais;NYR;MTL,;C;49;6;8;14;12;8;20;1000000;540;0
443;Carl Soderberg;COL;COL;C;80;6;8;14;12;8;20;4750000;541;0
465;Matt Nieto;COL;SJS,;L;59;7;6;13;14;6;20;1000000;542;0
466;Lukas Sedlak;CLB;CBJ;C;62;7;6;13;14;6;20;825000;543;0
467;Ryan Reaves;PIT;STL;R;80;7;6;13;14;6;20;1125000;544;0
487;Jordan Weal;PHI;PHI;C;23;8;4;12;16;4;20;1750000;545;0
488;Shawn Matthias;WPG;WPG;L;45;8;4;12;16;4;20;2125000;546;0
503;Nikita Zadorov;COL;COL;D;56;0;10;10;0;20;20;0;547;0
527;Scott Mayfield;NYI;NYI;D;25;2;7;9;6;14;20;625000;548;0
529;Shea Theodore;PHI;ANA;D;34;2;7;9;6;14;20;4500000;549;0
531;Johnny Oduya;OTT;DAL,;D;52;2;7;9;6;14;20;2250000;550;0
532;Nikita Tryamkin;TOR;VAN;D;66;2;7;9;6;14;20;925000;551;0
462;Oliver Bjorkstrand;CAR;CBJ;R;26;6;7;13;12;7;19;1775000;552;0
463;Jordan Schroeder;CLB;MIN;C;37;6;7;13;12;7;19;650000;553;0
485;Tommy Wingels;CHI;SJS,;C;73;7;5;12;14;5;19;750000;554;0
486;Joakim Nordstrom;CAR;CAR;L;82;7;5;12;14;5;19;1275000;555;0
501;Tyler Pitlick;DAL;EDM;C;31;8;3;11;16;3;19;1000000;556;0
502;Michael Raf ﬂ;MTL;PHI;L;52;8;3;11;16;3;19;1076000;557;0
524;Greg Pateryn;DAL;MTL,;D;36;1;8;9;3;16;19;800000;558;0
525;Jonathan Ericsson;DET;DET;D;51;1;8;9;3;16;19;4250000;559;0
526;Jason Garrison;FLA;TBL;D;70;1;8;9;3;16;19;4500000;560;0
589;Jamie Oleksiak;DAL;DAL;D;41;5;2;7;15;4;19;965000;561;0
460;Austin Czarnik;BOS;BOS;C;49;5;8;13;10;8;18;675000;562;0
461;Tyler Ennis;MIN;BUF;L;51;5;8;13;10;8;18;4600000;563;0
484;Kyle Clifford;LAK;LAK;L;73;6;6;12;12;6;18;1600000;564;0
522;Stefan Noesen;NJD;ANA,;R;44;8;2;10;16;2;18;660000;565;0
523;Colton Sissons;NAS;NSH;C;58;8;2;10;16;2;18;625000;566;0
551;Michal Kempny;CHI;CHI;D;50;2;6;8;6;12;18;900000;567;0
552;Christian Folin;LAK;MIN;D;51;2;6;8;6;12;18;850000;568;0
553;Connor Carrick;TOR;TOR;D;67;2;6;8;6;12;18;750000;569;0
437;Luke Glendening;DET;DET;C;74;3;11;14;6;11;17;1800000;570;0
479;Ivan Barbashev;EDM;STL;C;30;5;7;12;10;7;17;725000;571;0
480;Peter Holland;MTL;TOR,;C;48;5;7;12;10;7;17;675000;572;0
481;Lawson Crouse;ARI;ARI;L;72;5;7;12;10;7;17;1603000;573;0
483;Chris Kelly;EDM;OTT;C;82;5;7;12;10;7;17;0;574;0
499;Johan Larsson;BUF;BUF;C;36;6;5;11;12;5;17;1475000;575;0
500;Eric Fehr;TOR;PIT,;C;53;6;5;11;12;5;17;2000000;576;0
546;Dylan DeMelo;SJS;SJS;D;25;1;7;8;3;14;17;650000;577;0
548;Alexey Marchenko;NAS;DET,;D;41;1;7;8;3;14;17;4099999;578;0
549;Yannick Weber;NAS;NSH;D;73;1;7;8;3;14;17;650000;579;0
550;Luke Schenn;ARI;ARI;D;78;1;7;8;3;14;17;1250000;580;0
475;Devin Setoguchi;WAS;LAK;R;45;4;8;12;8;8;16;650000;581;0
476;Josh Jooris;CAR;NYR,;R;54;4;8;12;8;8;16;775000;582;0
519;Reid Boucher;VAN;NJD,;C;39;6;4;10;12;4;16;688000;583;0
520;Denis Malgin;FLA;FLA;C;47;6;4;10;12;4;16;693000;584;0
521;Brian Flynn;DAL;MTL;C;51;6;4;10;12;4;16;700000;585;0
543;Tyler Graovac;WAS;MIN;C;52;7;2;9;14;2;16;625000;586;0
544;Paul LaDue;MTL;LAK;D;22;0;8;8;0;16;16;1167000;587;0
545;Justin Falk;BUF;BUF;D;52;0;8;8;0;16;16;650000;588;0
574;Korbinian Holzer;ANA;ANA;D;32;2;5;7;6;10;16;900000;589;0
575;Steven Santini;NJD;NJD;D;38;2;5;7;6;10;16;925000;590;0
576;Nate Prosser;STL;MIN;D;39;2;5;7;6;10;16;650000;591;0
577;Markus Nutivaara;CLB;CBJ;D;66;2;5;7;6;10;16;925000;592;0
452;Riley Sheahan;DET;DET;C;80;2;11;13;4;11;15;2075000;593;0
472;Cody Eakin;OTT;DAL;C;60;3;9;12;6;9;15;2800000;594;0
496;Marko Dano;WPG;WPG;C;38;4;7;11;8;7;15;850000;595;0
542;Matt Puempel;NYR;OTT,;L;40;6;3;9;12;3;15;725000;596;0
567;Martin Marincin;TOR;TOR;D;25;1;6;7;3;12;15;1250000;597;0
568;Ryan Sproul;DET;DET;D;27;1;6;7;3;12;15;625000;598;0
571;Kevin Gravel;LAK;LAK;D;49;1;6;7;3;12;15;650000;599;0
572;Olli Maatta;PIT;PIT;D;55;1;6;7;3;12;15;4083000;600;0
573;Ben Lovejoy;NJD;NJD;D;82;1;6;7;3;12;15;2667000;601;0
447;Nic Petan;WPG;WPG;L;54;1;12;13;2;12;14;863000;602;0
470;Micheal Haley;FLA;SJS;C;58;2;10;12;4;10;14;825000;603;0
494;Jiri Hudler;DAL;DAL;R;32;3;8;11;6;8;14;0;604;0
514;Joshua Ho-Sang;ANA;NYI;R;21;4;6;10;8;6;14;825000;605;0
515;Anton Slepyshev;EDM;EDM;L;41;4;6;10;8;6;14;1525000;606;0
516;Cedric Paquette;TBL;TBL;C;58;4;6;10;8;6;14;812000;607;0
517;Joseph Cramarossa;CGY;ANA,;C;59;4;6;10;8;6;14;0;608;0
538;Brad Richardson;ARI;ARI;C;16;5;4;9;10;4;14;2083000;609;0
539;Jack Skille;CLB;VAN;R;55;5;4;9;10;4;14;4357000;610;0
540;Nikita Soshnikov;TOR;TOR;R;56;5;4;9;10;4;14;925000;611;0
541;Matt Martin;TOR;TOR;L;82;5;4;9;10;4;14;2500000;612;0
563;Yanni Gourde;TBL;TBL;C;20;6;2;8;12;2;14;1000000;613;0
564;Taylor Fedun;WAS;BUF;D;27;0;7;7;0;14;14;800000;614;0
565;Anthony Bitetto;NAS;NSH;D;29;0;7;7;0;14;14;613000;615;0
603;Brandon Montour;ANA;ANA;D;27;2;4;;6;8;14;925000;616;0
604;Eric Gryba;EDM;EDM;D;40;2;4;;6;8;14;900000;617;0
605;Klas Dahlbeck;CAR;CAR;D;43;2;4;;6;8;14;850000;618;0
512;Logan Shaw;ANA;ANA;C;55;3;7;10;6;7;13;650000;619;0
536;Devante Smith-Pelly;WAS;NJD;R;53;4;5;9;8;5;13;650000;620;0
537;Michael Chaput;VAN;VAN;C;68;4;5;9;8;5;13;688000;621;0
561;William Carrier;NJD;BUF;L;41;5;3;8;10;3;13;925000;622;0
562;Jay McClement;PIT;CAR;C;65;5;3;8;10;3;13;0;623;0
591;Chris Wagner;OTT;ANA;C;43;6;1;7;12;1;13;0;624;0
595;Brad Hunt;PHI;STL,;D;12;1;5;6;3;10;13;0;625;0
597;Philip Larsen;PIT;VAN;D;26;1;5;6;3;10;13;6800000;626;0
598;Erik Gudbranson;VAN;VAN;D;30;1;5;6;3;10;13;3500000;627;0
599;Jyrki Jokipakka;WAS;CGY,;D;41;1;5;6;3;10;13;0;628;0
600;Jon Merrill;OTT;NJD;D;51;1;5;6;3;10;13;2250000;629;0
601;Josh Gorges;BUF;BUF;D;66;1;5;;3;10;13;3900000;630;0
490;Dmitrij Jaskin;STL;STL;R;51;1;10;11;2;10;12;1000000;631;0
505;Josh Leivo;TOR;TOR;L;13;2;8;10;4;8;12;613000;632;0
533;Joseph Blandisi;PHI;NJD;L;27;3;6;9;6;6;12;4700000;633;0
534;Nail Yakupov;COL;STL;R;40;3;6;9;6;6;12;875000;634;0
555;Zach Sanford;MTL;WSH,;L;39;4;4;8;8;4;12;613000;635;0
556;Jordan Nolan;LAK;LAK;C;46;4;4;8;8;4;12;950000;636;0
557;Jayson Megna;VAN;VAN;C;58;4;4;8;8;4;12;675000;637;0
558;Joe Colborne;COL;COL;C;62;4;4;8;8;4;12;2500000;638;0
559;Dennis Rasmussen;ANA;CHI;C;68;4;4;8;8;4;12;725000;639;0
560;Pierre-Edouard Bellemare;CAR;PHI;L;82;4;4;8;8;4;12;725000;640;0
590;Drew Miller;CHI;DET;L;55;5;2;7;10;2;12;0;641;0
592;Dalton Prout;NJD;CBJ,;D;29;0;6;6;0;12;12;1575000;642;0
593;Matt Tennyson;BUF;CAR;D;45;0;6;6;0;12;12;650000;643;0
594;Carl Gunnarsson;STL;STL;D;56;0;6;6;0;12;12;2900000;644;0
624;Tyler Myers;WPG;WPG;D;11;2;3;;6;6;12;5500000;645;0
627;Gustav Forsling;CHI;CHI;D;38;2;3;5;6;6;12;925000;646;0
628;Dmitry Kulikov;WPG;BUF;D;47;2;3;5;6;6;12;4333000;647;0
9999;Ondrej Pavelec;NYR;NYR;G;8;4;0;0;12;0;12;1300000;648;0
9999;Laurent Brossoit;EDM;EDM;G;4;4;0;0;12;0;12;750000;649;0
9999;Anthony Stolarz;DET;PHI;G;4;2;1;0;6;5;12;863000;650;1
504;Jacob Josefson;BUF;NJD;C;38;1;9;10;2;9;11;700000;651;0
528;Daniel Carr;MTL;MTL;L;33;2;7;9;4;7;11;725000;652;0
530;Michael Sgarbossa;WPG;ANA,;C;38;2;7;9;4;7;11;650000;653;0
554;Matt Beleskey;BOS;BOS;L;49;3;5;8;6;5;11;3800000;654;0
585;Ales Hemsky;MTL;DAL;R;15;4;3;7;8;3;11;1000000;655;0
586;Tyler Motte;TBL;CHI;L;33;4;3;7;8;3;11;5000000;656;0
587;Matt Hendricks;WPG;EDM;L;42;4;3;7;8;3;11;700000;657;0
588;Nick Lappin;NJD;NJD;R;43;4;3;7;8;3;11;925000;658;0
612;Cody McLeod;NAS;COL,;L;59;5;1;;10;1;11;1333000;659;0
618;Julius Honka;EDM;DAL;D;16;1;4;;3;8;11;675000;660;0
619;Taylor Chorney;WAS;WSH;D;18;1;4;;3;8;11;800000;661;0
620;Tom Gilbert;WPG;LAK;D;18;1;4;;3;8;11;5750000;662;0
9999;Jean-Francois Berube;CHI;CHI;G;7;3;0;0;9;0;11;700000;663;2
578;Joel Eriksson Ek;STL;MIN;C;15;3;4;7;6;4;10;1050000;664;0
579;Carter Rowney;STL;PIT;R;27;3;4;7;6;4;10;1125000;665;0
580;Greg McKegg;PIT;FLA,;C;46;3;4;7;6;4;10;650000;666;0
581;Steve Ott;WPG;DET,;C;53;3;4;7;6;4;10;4099999;667;0
582;Lance Bouma;CHI;CGY;L;61;3;4;7;6;4;10;1000000;668;0
583;Andreas Martinsen;MTL;COL,;L;64;3;4;7;6;4;10;675000;669;0
584;John Mitchell;CHI;COL;C;65;3;4;7;6;4;10;0;670;0
610;Evan Rodrigues;DAL;BUF;L;30;4;2;;8;2;10;2200000;671;0
611;Roman Lyubimov;NAS;PHI;L;47;4;2;;8;2;10;4000000;672;0
613;Zach Redmond;MTL;MTL;D;16;0;5;;0;10;10;613000;673;0
615;Cody Goloubef;BUF;COL;D;33;0;5;;0;10;10;0;674;0
616;John-Michael Liles;BOS;BOS;D;36;0;5;;0;10;10;0;675;0
652;Yohann Auvitu;EDM;NJD;D;25;2;2;4;6;4;10;700000;676;0
656;Mark Stuart;CHI;WPG;D;42;2;2;4;6;4;10;0;677;0
658;Brayden McNabb;WPG;LAK;D;49;2;2;4;6;4;10;700000;678;0
547;Jesse Puljujarvi;EDM;EDM;R;28;1;7;8;2;7;9;3425000;679;0
606;Gemel Smith;CGY;DAL;C;17;3;3;;6;3;9;650000;680;0
607;Jakub Vrana;PHI;WSH;L;21;3;3;;6;3;9;8250000;681;0
608;Timo Meier;BOS;SJS;R;34;3;3;;6;3;9;775000;682;0
609;J.T. Brown;NYR;TBL;R;64;3;3;;6;3;9;2625000;683;0
631;Brock Boeser;VAN;VAN;R;9;4;1;5;8;1;9;1492000;684;0
639;Cameron Gaunce;CAR;PIT;D;12;1;3;4;3;6;9;3300000;685;0
645;Robert Bortuzzo;STL;STL;D;38;1;3;4;3;6;9;1150000;686;0
566;Remi Elie;VAN;DAL;L;18;1;6;7;2;6;8;688000;687;0
569;Jared McCann;COL;FLA;C;29;1;6;7;2;6;8;0;688;0
570;Phillip Di Giuseppe;MTL;CAR;L;36;1;6;7;2;6;8;912000;689;0
602;Adrian Kempe;NYI;LAK;L;25;2;4;;4;4;8;1600000;690;0
630;J.T. Compher;NYR;COL;L;21;3;2;5;6;2;8;2625000;691;0
632;Nick Schultz;PHI;PHI;D;28;0;4;4;0;8;8;0;692;0
633;Slater Koekkoek;PIT;TBL;D;29;0;4;4;0;8;8;8700000;693;0
634;Luke Witkowski;DET;TBL;D;34;0;4;4;0;8;8;750000;694;0
635;Jakub Kindl;FLA;FLA;D;39;0;4;4;0;8;8;0;695;0
596;Stephen Gionta;NYI;NYI;R;26;1;5;6;2;5;7;650000;696;0
625;Kyle Connor;LAK;WPG;L;20;2;3;;4;3;7;1600000;697;0
626;Noel Acciari;CAR;BOS;C;29;2;3;5;4;3;7;1775000;698;0
629;Jimmy Hayes;NJD;BOS;R;58;2;3;5;4;3;7;0;699;0
662;Nicholas Baptiste;WPG;BUF;R;14;3;1;4;6;1;7;863000;700;0
663;Chris Thorburn;STL;WPG;R;64;3;1;4;6;1;7;900000;701;0
675;Clayton Stoner;ARI;ANA;D;14;1;2;3;3;4;7;1673000;702;0
676;Michal Rozsival;CHI;CHI;D;22;1;2;3;3;4;7;650000;703;0
677;Scott Harrington;CLB;CBJ;D;22;1;2;3;3;4;7;675000;704;0
678;Mark Borowiecki;OTT;OTT;D;70;1;2;3;3;4;7;1100000;705;0
9999;Jeff Zatkoff;LAK;LOS;G;8;2;0;0;6;0;7;900000;706;1
621;Andrej Nestrasil;TBL;CAR;C;19;1;4;;2;4;6;3500000;707;0
622;Garnet Hathaway;CGY;CGY;R;26;1;4;;2;4;6;650000;708;0
623;Michael McCarron;MTL;MTL;R;31;1;4;;2;4;6;1076000;709;0
647;Ryan Carpenter;TBL;SJS;C;11;2;2;4;4;2;6;5800000;710;0
648;Chris Terry;MIN;MTL;L;14;2;2;4;4;2;6;1150000;711;0
649;Iiro Pakarinen;EDM;EDM;R;14;2;2;4;4;2;6;725000;712;0
650;Ryan Callahan;TBL;TBL;R;18;2;2;4;4;2;6;5800000;713;0
651;Harry Zolnierczyk;FLA;NSH;L;24;2;2;4;4;2;6;0;714;0
653;Justin Bailey;DET;BUF;R;32;2;2;4;4;2;6;4250000;715;0
654;Gabriel Dumont;TBL;TBL;C;39;2;2;4;4;2;6;650000;716;0
655;Ben Smith;TOR;COL,;R;40;2;2;4;4;2;6;650000;717;0
657;Sergey Kalinin;CLB;NJD;C;43;2;2;4;4;2;6;7425000;718;0
659;Shawn Thornton;WPG;FLA;L;50;2;2;4;4;2;6;2125000;719;0
660;Brandon Tanev;WPG;WPG;L;51;2;2;4;4;2;6;700000;720;0
661;Vernon Fiddler;NAS;NJD,;C;59;2;2;4;4;2;6;0;721;0
664;Karl Stollery;MTL;NJD;D;11;0;3;3;0;6;6;4625000;722;0
665;Gustav Olofsson;DET;MIN;D;13;0;3;3;0;6;6;4750000;723;0
668;Brett Kulak;CGY;CGY;D;21;0;3;3;0;6;6;650000;724;0
669;Alex Biega;VAN;VAN;D;36;0;3;3;0;6;6;750000;725;0
670;Brandon Davidson;MTL;EDM,;D;38;0;3;3;0;6;6;1425000;726;0
671;Patrik Nemeth;DAL;DAL;D;40;0;3;3;0;6;6;945000;727;0
686;Christian Fischer;ARI;ARI;R;7;3;0;3;6;0;6;1052000;728;0
687;Josh Archibald;CLB;PIT;R;10;3;0;3;6;0;6;0;729;0
688;Nikolay Goldobin;WPG;SJS,;R;14;3;0;3;6;0;6;1594000;730;0
689;Adam Erne;DAL;TBL;L;26;3;0;3;6;0;6;675000;731;0
9999;Richard Bachman;VAN;VAN;G;5;2;0;0;6;0;6;688000;732;0
9999;Michael Leighton;NYR;TAM;G;3;2;0;0;6;0;6;1650000;733;0
9999;Charlie Lindgren;MIN;MON;G;2;2;0;0;6;0;6;3200000;734;0
614;Seth Griffith;CLB;TOR,;C;24;0;5;;0;5;5;7425000;735;0
617;Brendan Gaunce;VAN;VAN;C;57;0;5;;0;5;5;750000;736;0
637;Cory Conacher;ANA;TBL;C;11;1;3;4;2;3;5;8625000;737;0
638;John Quenneville;NJD;NJD;C;12;1;3;4;2;3;5;1667000;738;0
640;John Hayden;CHI;CHI;L;12;1;3;4;2;3;5;925000;739;0
641;Derek Dorsett;VAN;VAN;R;14;1;3;4;2;3;5;2650000;740;0
642;Marcus Sorensen;CAR;SJS;L;19;1;3;4;2;3;5;3083000;741;0
643;Anton Lander;BOS;EDM;C;22;1;3;4;2;3;5;1200000;742;0
644;Curtis Lazar;CGY;OTT,;C;37;1;3;4;2;3;5;950000;743;0
646;Chris Neil;OTT;OTT;R;53;1;3;4;2;3;5;0;744;0
679;Shane Harper;CLB;FLA;R;14;2;1;3;4;1;5;5400000;745;0
680;Michael Bournival;SJS;TBL;L;19;2;1;3;4;1;5;2000000;746;0
681;Frederik Gauthier;TOR;TOR;C;21;2;1;3;4;1;5;5000000;747;0
682;Laurent Dauphin;EDM;ARI;C;24;2;1;3;4;1;5;750000;748;0
683;Kyle Rau;MIN;FLA;C;24;2;1;3;4;1;5;1250000;749;0
684;Ryan Garbutt;NAS;ANA;C;27;2;1;3;4;1;5;2500000;750;0
685;Jordin Tootoo;CHI;CHI;R;50;2;1;3;4;1;5;700000;751;0
708;Mirco Mueller;NJD;SJS;D;4;1;1;2;3;2;5;925000;752;0
714;Steven Kampfer;WPG;FLA,;D;11;1;1;2;3;2;5;4099999;753;0
718;Matt Bartkowski;CGY;CGY;D;24;1;1;2;3;2;5;613000;754;0
719;Matt Greene;COL;LAK;D;26;1;1;2;3;2;5;6000000;755;0
636;Derek Grant;ANA;BUF,;C;46;0;4;4;0;4;4;650000;756;0
673;Kenny Agostino;FLA;STL;L;7;1;2;3;2;2;4;6350000;757;0
674;Zac Dalpe;EDM;MIN;C;9;1;2;3;2;2;4;700000;758;0
692;Mark Fayne;OTT;EDM;D;4;0;2;2;0;4;4;1100000;759;0
693;Brian Strait;BUF;WPG;D;5;0;2;2;0;4;4;0;760;0
696;Jordan Schmaltz;LAK;STL;D;9;0;2;2;0;4;4;950000;761;0
704;Julian Melchiori;EDM;WPG;D;18;0;2;2;0;4;4;675000;762;0
705;Ryan Murphy;MIN;CAR;D;27;0;2;2;0;4;4;700000;763;0
721;Jason Dickinson;FLA;DAL;C;10;2;0;2;4;0;4;4500000;764;0
722;Teemu Pulkkinen;NJD;MIN,;L;13;2;0;2;4;0;4;6000000;765;0
723;Freddie Hamilton;CGY;CGY;C;26;2;0;2;4;0;4;613000;766;0
9999;Jeremy Smith;LAK;CAR;G;8;1;0;0;3;0;4;900000;767;1
9999;Jonas Gustavsson;MIN;EDM;G;5;1;0;0;3;0;4;4167000;768;1
666;Joel Vermin;STL;TBL;R;18;0;3;3;0;3;3;1050000;769;0
667;Paul Thompson;STL;FLA;R;21;0;3;3;0;3;3;7000000;770;0
672;Jared Boll;ANA;ANA;R;51;0;3;3;0;3;3;900000;771;0
709;Milan Michalek;EDM;TOR;L;5;1;1;2;2;1;3;6000000;772;0
710;Markus Hannikainen;VAN;CBJ;L;10;1;1;2;2;1;3;900000;773;0
711;Taylor Leier;NJD;PHI;L;10;1;1;2;2;1;3;6000000;774;0
712;Matthew Peca;BUF;TBL;C;10;1;1;2;2;1;3;650000;775;0
713;Tanner Glass;WAS;NYR;L;11;1;1;2;2;1;3;5750000;776;0
715;Pontus Aberg;NAS;NSH;L;15;1;1;2;2;1;3;650000;777;0
716;Anton Blidh;ANA;BOS;L;19;1;1;2;2;1;3;1750000;778;0
717;Blake Coleman;BUF;NJD;C;23;1;1;2;2;1;3;1150000;779;0
720;Nate Thompson;OTT;ANA;C;30;1;1;2;2;1;3;1650000;780;0
764;Dylan McIlrath;DET;NYR,;D;6;1;0;1;3;0;3;1425000;781;0
766;Seth Helgeson;CLB;NJD;D;9;1;0;1;3;0;3;7425000;782;0
771;Mike Reilly;OTT;MIN;D;17;1;0;1;3;0;3;5188000;783;0
9999;Eric Comrie;CAR;WPG;G;1;1;0;0;3;0;3;2700000;784;0
9999;Antoine Bibeau;DET;SAN;G;2;1;0;0;3;0;3;863000;785;0
9999;Alex Stalock;STL;MIN;G;2;1;0;0;3;0;3;6500000;786;0
9999;Magnus Hellberg;DET;NYR;G;1;1;0;0;3;0;3;750000;787;0
9999;Jon Gillies;OTT;CGY;G;1;1;0;0;3;0;3;2250000;788;0
690;Clayton Keller;ARI;ARI;C;3;0;2;2;0;2;2;1673000;789;0
691;Charles Hudon;PIT;MTL;L;3;0;2;2;0;2;2;650000;790;0
694;Jonny Brodzinski;CHI;LAK;C;6;0;2;2;0;2;2;10500000;791;0
695;Lucas Wallmark;ARI;CAR;C;8;0;2;2;0;2;2;1050000;792;0
697;Ty Rattie;BOS;STL,;R;9;0;2;2;0;2;2;7000000;793;0
698;Justin Dowling;SJS;DAL;C;9;0;2;2;0;2;2;3800000;794;0
699;Peter Cehlarik;TBL;BOS;L;11;0;2;2;0;2;2;1024999;795;0
700;Teddy Purcell;NJD;LAK;L;12;0;2;2;0;2;2;6000000;796;0
701;Tom Sestito;OTT;PIT;L;13;0;2;2;0;2;2;1100000;797;0
702;Drew Shore;CHI;VAN;C;14;0;2;2;0;2;2;0;798;0
703;Marek Hrivik;CAR;NYR;L;16;0;2;2;0;2;2;3083000;799;0
706;Andy Andreoff;LAK;LAK;L;36;0;2;2;0;2;2;677000;800;0
707;Nicolas Deslauriers;BUF;BUF;L;42;0;2;2;0;2;2;775000;801;0
725;Gabriel Carlsson;OTT;CBJ;D;2;0;1;1;0;2;2;650000;802;0
730;Ian McCoshen;PIT;FLA;D;3;0;1;1;0;2;2;2100000;803;0
739;Matt Carle;CLB;NSH;D;6;0;1;1;0;2;2;2200000;804;0
741;David Warsofsky;MTL;PIT;D;7;0;1;1;0;2;2;2100000;805;0
749;Steve Oleksy;WPG;PIT;D;11;0;1;1;0;2;2;4099999;806;0
752;Joe Morrow;MTL;BOS;D;17;0;1;1;0;2;2;650000;807;0
753;Kevin Connauton;ARI;ARI;D;24;0;1;1;0;2;2;1000000;808;0
754;Eric Gelinas;MTL;COL;D;27;0;1;1;0;2;2;0;809;0
756;Vladimir Sobotka;STL;STL;L;1;1;0;1;2;0;2;3500000;810;0
757;Samuel Henley;ANA;COL;C;1;1;0;1;2;0;2;4875000;811;0
758;Valentin Zykov;COL;CAR;L;2;1;0;1;2;0;2;1704000;812;0
759;Colin McDonald;NAS;PHI;R;3;1;0;1;2;0;2;1333000;813;0
760;Daniel O'Regan;MTL;SJS;C;3;1;0;1;2;0;2;725000;814;0
761;Wade Megan;TBL;STL;C;3;1;0;1;2;0;2;1938000;815;0
762;Nikita Scherbak;TBL;MTL;R;3;1;0;1;2;0;2;4767000;816;0
763;Tyson Jost;COL;COL;C;6;1;0;1;2;0;2;1704000;817;0
765;Kasperi Kapanen;MTL;TOR;R;8;1;0;1;2;0;2;4625000;818;0
767;Jujhar Khaira;EDM;EDM;L;10;1;0;1;2;0;2;675000;819;0
768;Bryan Bickell;WAS;CAR;L;11;1;0;1;2;0;2;5500000;820;0
769;Tomas Nosek;CHI;DET;L;11;1;0;1;2;0;2;800000;821;0
770;Boyd Gordon;PHI;PHI;C;13;1;0;1;2;0;2;0;822;0
772;Tomas Jurco;CHI;DET,;L;29;1;0;1;2;0;2;800000;823;0
724;Matt Lorito;NAS;DET;L;2;0;1;1;0;1;1;650000;824;0
726;C.J. Smith;BUF;BUF;L;2;0;1;1;0;1;1;925000;825;0
727;Dominik Simon;TOR;PIT;C;2;0;1;1;0;1;1;1000000;826;0
728;Sergey Tolchinsky;CLB;CAR;L;2;0;1;1;0;1;1;7425000;827;0
729;Anton Rodin;VAN;VAN;R;3;0;1;1;0;1;1;700000;828;0
731;Barclay Goodrow;TOR;SJS;R;3;0;1;1;0;1;1;3775000;829;0
732;Cole Schneider;NAS;BUF;L;4;0;1;1;0;1;1;1333000;830;0
733;Rocco Grimaldi;BUF;COL;C;4;0;1;1;0;1;1;4000000;831;0
734;Alexander Nylander;VAN;BUF;R;4;0;1;1;0;1;1;5000000;832;0
735;Tyler Gaudet;MIN;ARI;C;4;0;1;1;0;1;1;4600000;833;0
736;Christoph Bertschy;LAK;MIN;C;5;0;1;1;0;1;1;850000;834;0
737;A.J. Greer;#N/A;COL;L;5;0;1;1;0;1;1;#N/A;835;0
738;Nick Sorensen;LAK;ANA;R;5;0;1;1;0;1;1;925000;836;0
740;Ben Street;TOR;DET;C;6;0;1;1;0;1;1;650000;837;0
742;Dylan Strome;ARI;ARI;C;7;0;1;1;0;1;1;3338000;838;0
743;Hunter Shinkaruk;DET;CGY;C;7;0;1;1;0;1;1;6083000;839;0
744;Sean Kuraly;PHI;BOS;C;8;0;1;1;0;1;1;4333000;840;0
745;Frederick Gaudreau;CGY;NSH;C;9;0;1;1;0;1;1;613000;841;0
746;Hudson Fasching;DET;BUF;R;10;0;1;1;0;1;1;6083000;842;0
747;Jake Virtanen;LAK;VAN;R;10;0;1;1;0;1;1;4000000;843;0
748;Blake Pietila;COL;NJD;L;10;0;1;1;0;1;1;2400000;844;0
750;Cal O'Reilly;NYI;BUF;C;11;0;1;1;0;1;1;3500000;845;0
751;Kurtis Gabriel;CGY;MIN;R;13;0;1;1;0;1;1;1750000;846;0
755;Andrew Desjardins;CHI;CHI;L;46;0;1;1;0;1;1;0;847;0
9999;Spencer Martin;PIT;COL;G;3;0;0;0;0;0;1;8700000;848;1
9999;Jhonas Enroth;EDM;ANA;G;4;0;0;0;0;0;1;3425000;849;1
9999;Zane McIntyre;OTT;BOS;G;3;0;0;0;0;0;1;3250000;850;1
773;Mark Jankowski;CGY;CGY;C;1;0;0;0;0;0;0;6750000;851;0
774;Spencer Abbott;PIT;CHI;L;1;0;0;0;0;0;0;8700000;852;0
775;Mark McNeill;EDM;DAL;C;1;0;0;0;0;0;0;1800000;853;0
776;Jack Roslovic;CLB;WPG;C;1;0;0;0;0;0;0;4357000;854;0
777;Samuel Morin;ANA;PHI;D;1;0;0;0;0;0;0;4875000;855;0
778;Mike Liambas;OTT;NSH;L;1;0;0;0;0;0;0;5188000;856;0
779;Liam O'Brien;EDM;WSH;C;1;0;0;0;0;0;0;8500000;857;0
780;Thomas Chabot;CAR;OTT;D;1;0;0;0;0;0;0;2860000;858;0
781;Denis Gurianov;MTL;DAL;R;1;0;0;0;0;0;0;2100000;859;0
782;Nicolas Kerdiles;BUF;ANA;L;1;0;0;0;0;0;0;775000;860;0
783;Trevor Smith;CAR;NSH;C;1;0;0;0;0;0;0;825000;861;0
784;Cristoval Nieves;NAS;NYR;C;1;0;0;0;0;0;0;4250000;862;0
785;Borna Rendulic;CLB;VAN;R;1;0;0;0;0;0;0;2900000;863;0
786;Michael Zalewski;CGY;VAN;L;1;0;0;0;0;0;0;3500000;864;0
787;Jakob Forsbacka Karlsson;ARI;BOS;C;1;0;0;0;0;0;0;1350000;865;0
788;Corey Tropp;ANA;ANA;R;1;0;0;0;0;0;0;8625000;866;0
789;Garrett Mitchell;CGY;WSH;R;1;0;0;0;0;0;0;650000;867;0
790;Evan McEneny;DAL;VAN;D;1;0;0;0;0;0;0;2200000;868;0
791;Dan Renouf;DAL;DET;D;1;0;0;0;0;0;0;3750000;869;0
792;Rasmus Andersson;PHI;CGY;D;1;0;0;0;0;0;0;3350000;870;0
793;Sean Malone;PHI;BUF;C;1;0;0;0;0;0;0;4333000;871;0
794;Nick Paul;NYI;OTT;L;1;0;0;0;0;0;0;5500000;872;0
795;Kalle Kossila;WAS;ANA;L;1;0;0;0;0;0;0;0;873;0
796;Jean-Sebastien Dea;OTT;PIT;C;1;0;0;0;0;0;0;3100000;874;0
797;Tim Heed;VAN;SJS;D;1;0;0;0;0;0;0;2000000;875;0
798;Chris Butler;MIN;STL;D;1;0;0;0;0;0;0;3200000;876;0
799;Ryan Pulock;EDM;NYI;D;1;0;0;0;0;0;0;6000000;877;0
800;Jaycob Megna;PIT;ANA;D;1;0;0;0;0;0;0;0;878;0
801;Simon Despres;PIT;ANA;D;1;0;0;0;0;0;0;8700000;879;0
802;Robert Hagg;STL;PHI;D;1;0;0;0;0;0;0;1150000;880;0
803;Evgeny Svechnikov;WAS;DET;R;2;0;0;0;0;0;0;7800000;881;0
804;Alexandre Carrier;OTT;NSH;D;2;0;0;0;0;0;0;2500000;882;0
805;Brett Lernout;CGY;MTL;D;2;0;0;0;0;0;0;650000;883;0
806;Bracken Kearns;PHI;NYI;C;2;0;0;0;0;0;0;0;884;0
807;Jordan Oesterle;LAK;EDM;D;2;0;0;0;0;0;0;950000;885;0
808;Scott Laughton;PHI;PHI;C;2;0;0;0;0;0;0;963000;886;0
809;Mathew Barzal;TOR;NYI;C;2;0;0;0;0;0;0;1250000;887;0
810;Kevin Porter;SJS;PIT;C;2;0;0;0;0;0;0;925000;888;0
811;Matt Grzelcyk;COL;BOS;D;2;0;0;0;0;0;0;6000000;889;0
812;Aaron Ness;FLA;WSH;D;2;0;0;0;0;0;0;7500000;890;0
813;Martin Frk;CLB;CAR;R;2;0;0;0;0;0;0;925000;891;0
814;Colin White;NAS;OTT;C;2;0;0;0;0;0;0;1333000;892;0
815;Andrew Poturalski;PHI;CAR;C;2;0;0;0;0;0;0;5000000;893;0
816;Mike Blunden;MIN;OTT;R;2;0;0;0;0;0;0;5750000;894;0
817;Mike Vecchione;PHI;PHI;C;2;0;0;0;0;0;0;900000;895;0
818;Erik Burgdoerfer;MIN;BUF;D;2;0;0;0;0;0;0;3500000;896;0
819;Vladislav Kamenev;STL;NSH;L;2;0;0;0;0;0;0;7500000;897;0
820;Tanner Richard;LAK;TBL;C;3;0;0;0;0;0;0;3750000;898;0
821;Brendan Guhle;VAN;BUF;D;3;0;0;0;0;0;0;750000;899;0
822;Riley Barber;ANA;WSH;R;3;0;0;0;0;0;0;3800000;900;0
823;Jakub Nakladal;FLA;CAR;D;3;0;0;0;0;0;0;0;901;0
824;Duncan Siemens;CHI;COL;D;3;0;0;0;0;0;0;5538000;902;0
825;Bobby Farnham;VAN;MTL;R;3;0;0;0;0;0;0;5500000;903;0
826;Emerson Etem;CAR;ANA;R;3;0;0;0;0;0;0;2700000;904;0
827;Dillon Simpson;DAL;EDM;D;3;0;0;0;0;0;0;925000;905;0
828;Nicklas Grossmann;WAS;CGY;D;3;0;0;0;0;0;0;6700000;906;0
829;Jamie McBain;DAL;ARI;D;3;0;0;0;0;0;0;9500000;907;0
830;Patrick Cannone;BOS;MIN;C;3;0;0;0;0;0;0;6875000;908;0
831;Alexandre Grenier;OTT;VAN;R;3;0;0;0;0;0;0;2500000;909;0
832;TJ Tynan;BOS;CBJ;C;3;0;0;0;0;0;0;775000;910;0
833;Christopher DiDomenico;LAK;OTT;C;3;0;0;0;0;0;0;850000;911;0
834;Ben Thomson;TOR;NJD;L;3;0;0;0;0;0;0;650000;912;0
835;MacKenzie Weegar;DET;FLA;D;3;0;0;0;0;0;0;750000;913;0
836;Zbynek Michalek;OTT;ARI;D;3;0;0;0;0;0;0;3250000;914;0
837;Rob O'Gara;DET;BOS;D;3;0;0;0;0;0;0;2075000;915;0
838;Blake Speers;COL;NJD;C;3;0;0;0;0;0;0;2400000;916;0
839;Chandler Stephenson;PIT;WSH;C;4;0;0;0;0;0;0;650000;917;0
840;Sonny Milano;PIT;CBJ;L;4;0;0;0;0;0;0;8700000;918;0
841;Clarke MacArthur;OTT;OTT;L;4;0;0;0;0;0;0;4650000;919;0
842;Adam Pardy;BOS;NSH;D;4;0;0;0;0;0;0;2750000;920;0
843;Mason Raymond;TOR;ANA;L;4;0;0;0;0;0;0;1250000;921;0
844;Jacob Larsson;BUF;ANA;D;4;0;0;0;0;0;0;700000;922;0
845;Kevin Rooney;SJS;NJD;C;4;0;0;0;0;0;0;925000;923;0
846;Mikhail Sergachev;TBL;MTL;D;4;0;0;0;0;0;0;1744000;924;0
847;Mitch Callahan;NJD;DET;R;4;0;0;0;0;0;0;925000;925;0
848;Frank Corrado;ANA;TOR,;D;4;0;0;0;0;0;0;1500000;926;0
849;Tyler Wotherspoon;LAK;CGY;D;4;0;0;0;0;0;0;4600000;927;0
850;Buddy Robinson;PIT;OTT;R;4;0;0;0;0;0;0;640000;928;0
851;Connor Jones;WPG;NYI;C;4;0;0;0;0;0;0;2250000;929;0
852;Linden Vey;EDM;CGY;R;4;0;0;0;0;0;0;8500000;930;0
853;Brian Lashoff;BUF;DET;D;5;0;0;0;0;0;0;0;931;0
854;Michael Kapla;NYR;NJD;D;5;0;0;0;0;0;0;1650000;932;0
855;Andreas Englund;DET;OTT;D;5;0;0;0;0;0;0;0;933;0
856;Quinton Howden;NAS;WPG;C;5;0;0;0;0;0;0;650000;934;0
857;Taylor Beck;LAK;EDM,;L;5;0;0;0;0;0;0;3750000;935;0
858;Brady Austin;WAS;BUF;D;5;0;0;0;0;0;0;6100000;936;0
859;Griffen Molino;DAL;VAN;C;5;0;0;0;0;0;0;800000;937;0
860;Miikka Salomaki;NAS;NSH;R;5;0;0;0;0;0;0;613000;938;0
861;Ben Harpur;WPG;OTT;D;6;0;0;0;0;0;0;1400000;939;0
862;Paul Carey;MTL;WSH;C;6;0;0;0;0;0;0;1167000;940;0
863;Gabriel Bourque;OTT;COL;L;6;0;0;0;0;0;0;650000;941;0
864;Byron Froese;PIT;TOR,;C;6;0;0;0;0;0;0;640000;942;0
865;Alex Tuch;STL;MIN;R;6;0;0;0;0;0;0;6500000;943;0
866;Casey Bailey;STL;OTT;R;7;0;0;0;0;0;0;1125000;944;0
867;Ryan Johnston;NAS;MTL;D;7;0;0;0;0;0;0;8000000;945;0
868;Joel Hanley;STL;MTL;D;7;0;0;0;0;0;0;1050000;946;0
869;Nicklas Jensen;WAS;NYR;R;7;0;0;0;0;0;0;6700000;947;0
870;Phil Varone;PIT;OTT;C;7;0;0;0;0;0;0;6800000;948;0
871;Tyler Bertuzzi;BOS;DET;L;7;0;0;0;0;0;0;7000000;949;0
872;Max McCormick;ARI;OTT;R;7;0;0;0;0;0;0;1363000;950;0
873;Petteri Lindbohm;DET;STL;D;7;0;0;0;0;0;0;4000000;951;0
874;Danton Heinen;DET;BOS;C;8;0;0;0;0;0;0;5000000;952;0
875;Jacob De La Rose;CLB;MTL;L;9;0;0;0;0;0;0;4357000;953;0
876;Cody Bass;ARI;NSH;C;9;0;0;0;0;0;0;1673000;954;0
877;Petter Granberg;DET;NSH;D;10;0;0;0;0;0;0;4000000;955;0
878;Oskar Sundqvist;EDM;PIT;C;10;0;0;0;0;0;0;4167000;956;0
879;Nelson Nogier;TOR;WPG;D;10;0;0;0;0;0;0;4500000;957;0
880;Casey Nelson;NYI;BUF;D;11;0;0;0;0;0;0;3350000;958;0
881;Zack Mitchell;EDM;MIN;R;11;0;0;0;0;0;0;1950000;959;0
882;Luke Gazdic;CLB;NJD;L;11;0;0;0;0;0;0;825000;960;0
883;Derrick Pouliot;OTT;PIT;D;11;0;0;0;0;0;0;5000000;961;0
884;Anton Lindholm;BOS;COL;D;12;0;0;0;0;0;0;1200000;962;0
885;Erik Condra;MIN;TBL;R;13;0;0;0;0;0;0;3500000;963;0
886;Joseph LaBate;CGY;VAN;C;13;0;0;0;0;0;0;0;964;0
887;Patrick Brown;BOS;CAR;C;14;0;0;0;0;0;0;6875000;965;0
888;Robbie Russo;DET;DET;D;19;0;0;0;0;0;0;2075000;966;0
9999;David Rittich;BOS;CGY;G;0;0;0;0;0;0;0;0;967;0
9999;Jorge Alves;CHI;CAR;G;0;0;0;0;0;0;0;700000;968;0
9999;Pheonix Copley;DET;WAS;G;1;0;0;0;0;0;0;4000000;969;0
9999;Alex Nedeljkovic;TBL;CAR;G;0;0;0;0;0;0;0;4450000;970;0
9999;Jack Campbell;CAR;LOS;G;0;0;0;0;0;0;0;925000;971;0
9999;Kristers Gudlevskis;CGY;NYI;G;0;0;0;0;0;0;0;1750000;972;0
9999;Marek Mazanec;CAR;NAS;G;2;0;0;0;0;0;0;3083000;973;0
9999;Malcolm Subban;DET;BOS;G;1;0;0;0;0;0;0;750000;974;0
9999;Chris Driedger;MIN;OTT;G;0;0;0;0;0;0;0;3200000;975;0
9999;Anton Forsberg;CHI;CHI;G;1;0;0;0;0;0;0;750000;976;0
9999;Dustin Tokarski;WPG;ANA;G;0;0;0;0;0;0;0;7600000;977;0
9999;Linus Ullmark;EDM;BUF;G;1;0;0;0;0;0;0;8500000;978;0
9999;Justin Peters;CAR;DAL;G;1;0;0;0;0;0;0;4833000;979;0
9999;Reto Berra;VAN;ANA;G;4;0;0;0;0;0;0;688000;980;0
9999;Andrew Hammond;CHI;OTT;G;4;0;0;0;0;0;0;0;981;0
9999;Marek Langhamer;CAR;ARI;G;0;0;0;0;0;0;0;3083000;982;0
9999;Tristan Jarry;CAR;PIT;G;1;0;0;0;0;0;0;825000;983;0
